key,name,IATA-code,operational-scope,city,country,website,email,address,contact-phone-number
# base entity
airport-00,Lorem ipsum dolor sit ame,AAA,INTERNATIONAL,Lorem ipsum dolor sit ame,Lorem ipsum dolor sit ame,http://lorem.com/ipsum,acme@lorem-ipsum.org,"Lorem ipsum dolor sit amet, consectetur adipiscing elit. Sed do: eiusmod tempor incididunt ut*","+123456789"
# name - standard variations
airport-01,L,BBB,INTERNATIONAL,Lorem ipsum dolor sit ame,Lorem ipsum dolor sit ame,http://lorem.com/ipsum,acme@lorem-ipsum.org,"Lorem ipsum dolor sit amet, consectetur adipiscing elit. Sed do: eiusmod tempor incididunt ut*","+123456789"
airport-02,Lo,CCC,INTERNATIONAL,Lorem ipsum dolor sit ame,Lorem ipsum dolor sit ame,http://lorem.com/ipsum,acme@lorem-ipsum.org,"Lorem ipsum dolor sit amet, consectetur adipiscing elit. Sed do: eiusmod tempor incididunt ut*","+123456789"
airport-03,"Lorem ipsum dolor sit amet, consectetur adipiscin",DDD,INTERNATIONAL,Lorem ipsum dolor sit ame,Lorem ipsum dolor sit ame,http://lorem.com/ipsum,acme@lorem-ipsum.org,"Lorem ipsum dolor sit amet, consectetur adipiscing elit. Sed do: eiusmod tempor incididunt ut*","+123456789"
airport-04,"Lorem ipsum dolor sit amet, consectetur adipiscing",EEE,INTERNATIONAL,Lorem ipsum dolor sit ame,Lorem ipsum dolor sit ame,http://lorem.com/ipsum,acme@lorem-ipsum.org,"Lorem ipsum dolor sit amet, consectetur adipiscing elit. Sed do: eiusmod tempor incididunt ut*","+123456789"
airport-05,โลเร็ม อิปซัม,FFF,INTERNATIONAL,Lorem ipsum dolor sit ame,Lorem ipsum dolor sit ame,http://lorem.com/ipsum,acme@lorem-ipsum.org,"Lorem ipsum dolor sit amet, consectetur adipiscing elit. Sed do: eiusmod tempor incididunt ut*","+123456789"
airport-06,لوريم إيبسوم,GGG,INTERNATIONAL,Lorem ipsum dolor sit ame,Lorem ipsum dolor sit ame,http://lorem.com/ipsum,acme@lorem-ipsum.org,"Lorem ipsum dolor sit amet, consectetur adipiscing elit. Sed do: eiusmod tempor incididunt ut*","+123456789"
airport-07,洛伦·伊普森,HHH,INTERNATIONAL,Lorem ipsum dolor sit ame,Lorem ipsum dolor sit ame,http://lorem.com/ipsum,acme@lorem-ipsum.org,"Lorem ipsum dolor sit amet, consectetur adipiscing elit. Sed do: eiusmod tempor incididunt ut*","+123456789"
airport-08,<marquee>Hacked</marquee>,III,INTERNATIONAL,Lorem ipsum dolor sit ame,Lorem ipsum dolor sit ame,http://lorem.com/ipsum,acme@lorem-ipsum.org,"Lorem ipsum dolor sit amet, consectetur adipiscing elit. Sed do: eiusmod tempor incididunt ut*","+123456789"
airport-09,<script>alert(‘Hacked!’);</script>,JJJ,INTERNATIONAL,Lorem ipsum dolor sit ame,Lorem ipsum dolor sit ame,http://lorem.com/ipsum,acme@lorem-ipsum.org,"Lorem ipsum dolor sit amet, consectetur adipiscing elit. Sed do: eiusmod tempor incididunt ut*","+123456789"
airport-10,'' or 'A' = 'A ,KKK,INTERNATIONAL,Lorem ipsum dolor sit ame,Lorem ipsum dolor sit ame,http://lorem.com/ipsum,acme@lorem-ipsum.org,"Lorem ipsum dolor sit amet, consectetur adipiscing elit. Sed do: eiusmod tempor incididunt ut*","+123456789"
# name - no singular values
# operationalScope - standard variations
airport-11,Lorem ipsum dolor sit ame,LLL,DOMESTIC,Lorem ipsum dolor sit ame,Lorem ipsum dolor sit ame,http://lorem.com/ipsum,acme@lorem-ipsum.org,"Lorem ipsum dolor sit amet, consectetur adipiscing elit. Sed do: eiusmod tempor incididunt ut*","+123456789"
airport-12,Lorem ipsum dolor sit ame,MMM,REGIONAL,Lorem ipsum dolor sit ame,Lorem ipsum dolor sit ame,http://lorem.com/ipsum,acme@lorem-ipsum.org,"Lorem ipsum dolor sit amet, consectetur adipiscing elit. Sed do: eiusmod tempor incididunt ut*","+123456789"
# operationalScope - no singular values
# city - standard variations
airport-13,Lorem ipsum dolor sit ame,NNN,INTERNATIONAL,L,Lorem ipsum dolor sit ame,http://lorem.com/ipsum,acme@lorem-ipsum.org,"Lorem ipsum dolor sit amet, consectetur adipiscing elit. Sed do: eiusmod tempor incididunt ut*","+123456789"
airport-14,Lorem ipsum dolor sit ame,OOO,INTERNATIONAL,Lo,Lorem ipsum dolor sit ame,http://lorem.com/ipsum,acme@lorem-ipsum.org,"Lorem ipsum dolor sit amet, consectetur adipiscing elit. Sed do: eiusmod tempor incididunt ut*","+123456789"
airport-15,Lorem ipsum dolor sit ame,PPP,INTERNATIONAL,"Lorem ipsum dolor sit amet, consectetur adipiscin",Lorem ipsum dolor sit ame,http://lorem.com/ipsum,acme@lorem-ipsum.org,"Lorem ipsum dolor sit amet, consectetur adipiscing elit. Sed do: eiusmod tempor incididunt ut*","+123456789"
airport-16,Lorem ipsum dolor sit ame,QQQ,INTERNATIONAL,"Lorem ipsum dolor sit amet, consectetur adipiscing",Lorem ipsum dolor sit ame,http://lorem.com/ipsum,acme@lorem-ipsum.org,"Lorem ipsum dolor sit amet, consectetur adipiscing elit. Sed do: eiusmod tempor incididunt ut*","+123456789"
airport-17,Lorem ipsum dolor sit ame,RRR,INTERNATIONAL,โลเร็ม อิปซัม,Lorem ipsum dolor sit ame,http://lorem.com/ipsum,acme@lorem-ipsum.org,"Lorem ipsum dolor sit amet, consectetur adipiscing elit. Sed do: eiusmod tempor incididunt ut*","+123456789"
airport-18,Lorem ipsum dolor sit ame,SSS,INTERNATIONAL,لوريم إيبسوم,Lorem ipsum dolor sit ame,http://lorem.com/ipsum,acme@lorem-ipsum.org,"Lorem ipsum dolor sit amet, consectetur adipiscing elit. Sed do: eiusmod tempor incididunt ut*","+123456789"
airport-19,Lorem ipsum dolor sit ame,TTT,INTERNATIONAL,洛伦·伊普森,Lorem ipsum dolor sit ame,http://lorem.com/ipsum,acme@lorem-ipsum.org,"Lorem ipsum dolor sit amet, consectetur adipiscing elit. Sed do: eiusmod tempor incididunt ut*","+123456789"
airport-20,Lorem ipsum dolor sit ame,UUU,INTERNATIONAL,<marquee>Hacked</marquee>,Lorem ipsum dolor sit ame,http://lorem.com/ipsum,acme@lorem-ipsum.org,"Lorem ipsum dolor sit amet, consectetur adipiscing elit. Sed do: eiusmod tempor incididunt ut*","+123456789"
airport-21,Lorem ipsum dolor sit ame,VVV,INTERNATIONAL,<script>alert(‘Hacked!’);</script>,Lorem ipsum dolor sit ame,http://lorem.com/ipsum,acme@lorem-ipsum.org,"Lorem ipsum dolor sit amet, consectetur adipiscing elit. Sed do: eiusmod tempor incididunt ut*","+123456789"
airport-22,Lorem ipsum dolor sit ame,WWW,INTERNATIONAL,'' or 'A' = 'A ,Lorem ipsum dolor sit ame,http://lorem.com/ipsum,acme@lorem-ipsum.org,"Lorem ipsum dolor sit amet, consectetur adipiscing elit. Sed do: eiusmod tempor incididunt ut*","+123456789"
# city - no singular values
# country - standard variations
airport-23,Lorem ipsum dolor sit ame,XXX,INTERNATIONAL,Lorem ipsum dolor sit ame,L,http://lorem.com/ipsum,acme@lorem-ipsum.org,"Lorem ipsum dolor sit amet, consectetur adipiscing elit. Sed do: eiusmod tempor incididunt ut*","+123456789"
airport-24,Lorem ipsum dolor sit ame,YYY,INTERNATIONAL,Lorem ipsum dolor sit ame,Lo,http://lorem.com/ipsum,acme@lorem-ipsum.org,"Lorem ipsum dolor sit amet, consectetur adipiscing elit. Sed do: eiusmod tempor incididunt ut*","+123456789"
airport-25,Lorem ipsum dolor sit ame,ZZZ,INTERNATIONAL,Lorem ipsum dolor sit ame,"Lorem ipsum dolor sit amet, consectetur adipiscin",http://lorem.com/ipsum,acme@lorem-ipsum.org,"Lorem ipsum dolor sit amet, consectetur adipiscing elit. Sed do: eiusmod tempor incididunt ut*","+123456789"
airport-26,Lorem ipsum dolor sit ame,AAB,INTERNATIONAL,Lorem ipsum dolor sit ame,"Lorem ipsum dolor sit amet, consectetur adipiscing",http://lorem.com/ipsum,acme@lorem-ipsum.org,"Lorem ipsum dolor sit amet, consectetur adipiscing elit. Sed do: eiusmod tempor incididunt ut*","+123456789"
airport-27,Lorem ipsum dolor sit ame,AAC,INTERNATIONAL,Lorem ipsum dolor sit ame,โลเร็ม อิปซัม,http://lorem.com/ipsum,acme@lorem-ipsum.org,"Lorem ipsum dolor sit amet, consectetur adipiscing elit. Sed do: eiusmod tempor incididunt ut*","+123456789"
airport-28,Lorem ipsum dolor sit ame,AAD,INTERNATIONAL,Lorem ipsum dolor sit ame,لوريم إيبسوم,http://lorem.com/ipsum,acme@lorem-ipsum.org,"Lorem ipsum dolor sit amet, consectetur adipiscing elit. Sed do: eiusmod tempor incididunt ut*","+123456789"
airport-29,Lorem ipsum dolor sit ame,AAE,INTERNATIONAL,Lorem ipsum dolor sit ame,洛伦·伊普森,http://lorem.com/ipsum,acme@lorem-ipsum.org,"Lorem ipsum dolor sit amet, consectetur adipiscing elit. Sed do: eiusmod tempor incididunt ut*","+123456789"
airport-30,Lorem ipsum dolor sit ame,AAF,INTERNATIONAL,Lorem ipsum dolor sit ame,<marquee>Hacked</marquee>,http://lorem.com/ipsum,acme@lorem-ipsum.org,"Lorem ipsum dolor sit amet, consectetur adipiscing elit. Sed do: eiusmod tempor incididunt ut*","+123456789"
airport-31,Lorem ipsum dolor sit ame,AAG,INTERNATIONAL,Lorem ipsum dolor sit ame,<script>alert(‘Hacked!’);</script>,http://lorem.com/ipsum,acme@lorem-ipsum.org,"Lorem ipsum dolor sit amet, consectetur adipiscing elit. Sed do: eiusmod tempor incididunt ut*","+123456789"
airport-32,Lorem ipsum dolor sit ame,AAH,INTERNATIONAL,Lorem ipsum dolor sit ame,'' or 'A' = 'A ,http://lorem.com/ipsum,acme@lorem-ipsum.org,"Lorem ipsum dolor sit amet, consectetur adipiscing elit. Sed do: eiusmod tempor incididunt ut*","+123456789"
# country - no singular values
# website - standard variations
airport-33,Lorem ipsum dolor sit ame,AAI,INTERNATIONAL,Lorem ipsum dolor sit ame,Lorem ipsum dolor sit ame,,acme@lorem-ipsum.org,"Lorem ipsum dolor sit amet, consectetur adipiscing elit. Sed do: eiusmod tempor incididunt ut*","+123456789"
airport-34,Lorem ipsum dolor sit ame,AAJ,INTERNATIONAL,Lorem ipsum dolor sit ame,Lorem ipsum dolor sit ame,ftp://a.b,acme@lorem-ipsum.org,"Lorem ipsum dolor sit amet, consectetur adipiscing elit. Sed do: eiusmod tempor incididunt ut*","+123456789"
airport-35,Lorem ipsum dolor sit ame,AAK,INTERNATIONAL,Lorem ipsum dolor sit ame,Lorem ipsum dolor sit ame,"http://www.lorem-ipsum.org/dolor/sit/amet,/consectetur/adipiscing/elit,/sed/do/eiusmod/tempor/incididunt/ut/labore/et/dolore/magna/aliqua/Ut/enim/ad/minim/veniam/quis/nostrud/exercitation/ullamco/laboris/nisi/ut/aliquip/ex/ea/commodo/consequat/duis/aute/",acme@lorem-ipsum.org,"Lorem ipsum dolor sit amet, consectetur adipiscing elit. Sed do: eiusmod tempor incididunt ut*","+123456789"
airport-36,Lorem ipsum dolor sit ame,AAL,INTERNATIONAL,Lorem ipsum dolor sit ame,Lorem ipsum dolor sit ame,"http://www.lorem-ipsum.org/dolor/sit/amet,/consectetur/adipiscing/elit,/sed/do/eiusmod/tempor/incididunt/ut/labore/et/dolore/magna/aliqua/Ut/enim/ad/minim/veniam/quis/nostrud/exercitation/ullamco/laboris/nisi/ut/aliquip/ex/ea/commodo/consequat/duis/aute/X",acme@lorem-ipsum.org,"Lorem ipsum dolor sit amet, consectetur adipiscing elit. Sed do: eiusmod tempor incididunt ut*","+123456789"
airport-37,Lorem ipsum dolor sit ame,AAM,INTERNATIONAL,Lorem ipsum dolor sit ame,Lorem ipsum dolor sit ame,https://www.lorem-ipsum.org,acme@lorem-ipsum.org,"Lorem ipsum dolor sit amet, consectetur adipiscing elit. Sed do: eiusmod tempor incididunt ut*","+123456789"
airport-38,Lorem ipsum dolor sit ame,AAN,INTERNATIONAL,Lorem ipsum dolor sit ame,Lorem ipsum dolor sit ame,ftp://www.lorem-ipsum.org,acme@lorem-ipsum.org,"Lorem ipsum dolor sit amet, consectetur adipiscing elit. Sed do: eiusmod tempor incididunt ut*","+123456789"
airport-39,Lorem ipsum dolor sit ame,AAO,INTERNATIONAL,Lorem ipsum dolor sit ame,Lorem ipsum dolor sit ame,http://www.lorem-ipsum.org/dolor/sit.html,acme@lorem-ipsum.org,"Lorem ipsum dolor sit amet, consectetur adipiscing elit. Sed do: eiusmod tempor incididunt ut*","+123456789"
airport-40,Lorem ipsum dolor sit ame,AAP,INTERNATIONAL,Lorem ipsum dolor sit ame,Lorem ipsum dolor sit ame,http://www.lorem-ipsum.org/dolor/sit.html#dolor,acme@lorem-ipsum.org,"Lorem ipsum dolor sit amet, consectetur adipiscing elit. Sed do: eiusmod tempor incididunt ut*","+123456789"
airport-41,Lorem ipsum dolor sit ame,AAQ,INTERNATIONAL,Lorem ipsum dolor sit ame,Lorem ipsum dolor sit ame,http://example.org?a=1&b=2,acme@lorem-ipsum.org,"Lorem ipsum dolor sit amet, consectetur adipiscing elit. Sed do: eiusmod tempor incididunt ut*","+123456789"
airport-42,Lorem ipsum dolor sit ame,AAR,INTERNATIONAL,Lorem ipsum dolor sit ame,Lorem ipsum dolor sit ame,http://example.org?,acme@lorem-ipsum.org,"Lorem ipsum dolor sit amet, consectetur adipiscing elit. Sed do: eiusmod tempor incididunt ut*","+123456789"
airport-43,Lorem ipsum dolor sit ame,AAS,INTERNATIONAL,Lorem ipsum dolor sit ame,Lorem ipsum dolor sit ame,http://example.org?a,acme@lorem-ipsum.org,"Lorem ipsum dolor sit amet, consectetur adipiscing elit. Sed do: eiusmod tempor incididunt ut*","+123456789"
airport-44,Lorem ipsum dolor sit ame,AAT,INTERNATIONAL,Lorem ipsum dolor sit ame,Lorem ipsum dolor sit ame,http://example.org?a&b,acme@lorem-ipsum.org,"Lorem ipsum dolor sit amet, consectetur adipiscing elit. Sed do: eiusmod tempor incididunt ut*","+123456789"
airport-45,Lorem ipsum dolor sit ame,AAU,INTERNATIONAL,Lorem ipsum dolor sit ame,Lorem ipsum dolor sit ame,http://example.org/,acme@lorem-ipsum.org,"Lorem ipsum dolor sit amet, consectetur adipiscing elit. Sed do: eiusmod tempor incididunt ut*","+123456789"
airport-46,Lorem ipsum dolor sit ame,AAV,INTERNATIONAL,Lorem ipsum dolor sit ame,Lorem ipsum dolor sit ame,http://example.org/a,acme@lorem-ipsum.org,"Lorem ipsum dolor sit amet, consectetur adipiscing elit. Sed do: eiusmod tempor incididunt ut*","+123456789"
airport-47,Lorem ipsum dolor sit ame,AAW,INTERNATIONAL,Lorem ipsum dolor sit ame,Lorem ipsum dolor sit ame,http://example.org/a/b,acme@lorem-ipsum.org,"Lorem ipsum dolor sit amet, consectetur adipiscing elit. Sed do: eiusmod tempor incididunt ut*","+123456789"
airport-48,Lorem ipsum dolor sit ame,AAX,INTERNATIONAL,Lorem ipsum dolor sit ame,Lorem ipsum dolor sit ame,http://example.org/a/b?,acme@lorem-ipsum.org,"Lorem ipsum dolor sit amet, consectetur adipiscing elit. Sed do: eiusmod tempor incididunt ut*","+123456789"
airport-49,Lorem ipsum dolor sit ame,AAY,INTERNATIONAL,Lorem ipsum dolor sit ame,Lorem ipsum dolor sit ame,http://example.org/a/b?a&b,acme@lorem-ipsum.org,"Lorem ipsum dolor sit amet, consectetur adipiscing elit. Sed do: eiusmod tempor incididunt ut*","+123456789"
# website - no singular values
# email - standard variations
# airport-50,Lorem ipsum dolor sit ame,AAZ,INTERNATIONAL,Lorem ipsum dolor sit ame,Lorem ipsum dolor sit ame,http://lorem.com/ipsum,,"Lorem ipsum dolor sit amet, consectetur adipiscing elit. Sed do: eiusmod tempor incididunt ut*","+123456789"
# airport-51,Lorem ipsum dolor sit ame,ABA,INTERNATIONAL,Lorem ipsum dolor sit ame,Lorem ipsum dolor sit ame,http://lorem.com/ipsum,acme:password@lorem-ipsum.org,"Lorem ipsum dolor sit amet, consectetur adipiscing elit. Sed do: eiusmod tempor incididunt ut*","+123456789"
airport-52,Lorem ipsum dolor sit ame,ABB,INTERNATIONAL,Lorem ipsum dolor sit ame,Lorem ipsum dolor sit ame,http://lorem.com/ipsum,a@b.e,"Lorem ipsum dolor sit amet, consectetur adipiscing elit. Sed do: eiusmod tempor incididunt ut*","+123456789"
airport-53,Lorem ipsum dolor sit ame,ABC,INTERNATIONAL,Lorem ipsum dolor sit ame,Lorem ipsum dolor sit ame,http://lorem.com/ipsum,a@b.es,"Lorem ipsum dolor sit amet, consectetur adipiscing elit. Sed do: eiusmod tempor incididunt ut*","+123456789"
airport-54,Lorem ipsum dolor sit ame,ABD,INTERNATIONAL,Lorem ipsum dolor sit ame,Lorem ipsum dolor sit ame,http://lorem.com/ipsum,a@b.esx,"Lorem ipsum dolor sit amet, consectetur adipiscing elit. Sed do: eiusmod tempor incididunt ut*","+123456789"
airport-55,Lorem ipsum dolor sit ame,ABE,INTERNATIONAL,Lorem ipsum dolor sit ame,Lorem ipsum dolor sit ame,http://lorem.com/ipsum,lorem-ipsum@dolor.sit.amet.consectetur.adipiscing.elit.sed.do.eiusmod.tempor.incididunt.ut.labore.et.dolore.magna.aliqua.Ut.enim.ad.minim.veniam.quis.nostrud.exercitation.ullamco.laboris.nisi.ut.aliquip.ex.ea.commodo.consequat.duis.aute.irure.doloris.edu,"Lorem ipsum dolor sit amet, consectetur adipiscing elit. Sed do: eiusmod tempor incididunt ut*","+123456789"
airport-56,Lorem ipsum dolor sit ame,ABF,INTERNATIONAL,Lorem ipsum dolor sit ame,Lorem ipsum dolor sit ame,http://lorem.com/ipsum,lorem-ipsum@dolor.sit.amet.consectetur.adipiscing.elit.sed.do.eiusmod.tempor.incididunt.ut.labore.et.dolore.magna.aliqua.Ut.enim.ad.minim.veniam.quis.nostrud.exercitation.ullamco.laboris.nisi.ut.aliquip.ex.ea.commodo.consequat.duis.aute.irure.dolor.es.org,"Lorem ipsum dolor sit amet, consectetur adipiscing elit. Sed do: eiusmod tempor incididunt ut*","+123456789"
# email - no singular values
# address - standard variations
airport-57,Lorem ipsum dolor sit ame,ABG,INTERNATIONAL,Lorem ipsum dolor sit ame,Lorem ipsum dolor sit ame,http://lorem.com/ipsum,acme@lorem-ipsum.org,,"+123456789"
airport-58,Lorem ipsum dolor sit ame,ABH,INTERNATIONAL,Lorem ipsum dolor sit ame,Lorem ipsum dolor sit ame,http://lorem.com/ipsum,acme@lorem-ipsum.org,L,"+123456789"
airport-59,Lorem ipsum dolor sit ame,ABI,INTERNATIONAL,Lorem ipsum dolor sit ame,Lorem ipsum dolor sit ame,http://lorem.com/ipsum,acme@lorem-ipsum.org,"Lorem ipsum dolor sit amet, consectetur adipiscing elit. Sed do: eiusmod tempor incididunt ut labore et dolore magna aliqua! Ut enim ad minim veniam? Quis nostrud exercitation ullamco laboris nisi ut aliquip ex ea commodo consequat. Duis aute irure dolor","+123456789"
airport-60,Lorem ipsum dolor sit ame,ABJ,INTERNATIONAL,Lorem ipsum dolor sit ame,Lorem ipsum dolor sit ame,http://lorem.com/ipsum,acme@lorem-ipsum.org,"Lorem ipsum dolor sit amet, consectetur adipiscing elit. Sed do: eiusmod tempor incididunt ut labore et dolore magna aliqua! Ut enim ad minim veniam? Quis nostrud exercitation ullamco laboris nisi ut aliquip ex ea commodo consequat. Duis aute irure dolor*","+123456789"
airport-61,Lorem ipsum dolor sit ame,ABK,INTERNATIONAL,Lorem ipsum dolor sit ame,Lorem ipsum dolor sit ame,http://lorem.com/ipsum,acme@lorem-ipsum.org,โลเร็ม อิปซัม,"+123456789"
airport-62,Lorem ipsum dolor sit ame,ABL,INTERNATIONAL,Lorem ipsum dolor sit ame,Lorem ipsum dolor sit ame,http://lorem.com/ipsum,acme@lorem-ipsum.org,لوريم إيبسوم,"+123456789"
airport-63,Lorem ipsum dolor sit ame,ABM,INTERNATIONAL,Lorem ipsum dolor sit ame,Lorem ipsum dolor sit ame,http://lorem.com/ipsum,acme@lorem-ipsum.org,洛伦·伊普森,"+123456789"
airport-64,Lorem ipsum dolor sit ame,ABN,INTERNATIONAL,Lorem ipsum dolor sit ame,Lorem ipsum dolor sit ame,http://lorem.com/ipsum,acme@lorem-ipsum.org,<marquee>Hacked</marquee>,"+123456789"
airport-65,Lorem ipsum dolor sit ame,ABO,INTERNATIONAL,Lorem ipsum dolor sit ame,Lorem ipsum dolor sit ame,http://lorem.com/ipsum,acme@lorem-ipsum.org,<script>alert(‘Hacked!’);</script>,"+123456789"
airport-66,Lorem ipsum dolor sit ame,ABP,INTERNATIONAL,Lorem ipsum dolor sit ame,Lorem ipsum dolor sit ame,http://lorem.com/ipsum,acme@lorem-ipsum.org,'' or 'A' = 'A,"+123456789"
# address - no singular values
# contactPhoneNumber - standard variations
airport-67,Lorem ipsum dolor sit ame,ABQ,INTERNATIONAL,Lorem ipsum dolor sit ame,Lorem ipsum dolor sit ame,http://lorem.com/ipsum,acme@lorem-ipsum.org,"Lorem ipsum dolor sit amet, consectetur adipiscing elit. Sed do: eiusmod tempor incididunt ut*","123456"
airport-68,Lorem ipsum dolor sit ame,ABR,INTERNATIONAL,Lorem ipsum dolor sit ame,Lorem ipsum dolor sit ame,http://lorem.com/ipsum,acme@lorem-ipsum.org,"Lorem ipsum dolor sit amet, consectetur adipiscing elit. Sed do: eiusmod tempor incididunt ut*","1234567"
airport-69,Lorem ipsum dolor sit ame,ABS,INTERNATIONAL,Lorem ipsum dolor sit ame,Lorem ipsum dolor sit ame,http://lorem.com/ipsum,acme@lorem-ipsum.org,"Lorem ipsum dolor sit amet, consectetur adipiscing elit. Sed do: eiusmod tempor incididunt ut*","+123456"
airport-70,Lorem ipsum dolor sit ame,ABT,INTERNATIONAL,Lorem ipsum dolor sit ame,Lorem ipsum dolor sit ame,http://lorem.com/ipsum,acme@lorem-ipsum.org,"Lorem ipsum dolor sit amet, consectetur adipiscing elit. Sed do: eiusmod tempor incididunt ut*","+1234567"
airport-71,Lorem ipsum dolor sit ame,ABU,INTERNATIONAL,Lorem ipsum dolor sit ame,Lorem ipsum dolor sit ame,http://lorem.com/ipsum,acme@lorem-ipsum.org,"Lorem ipsum dolor sit amet, consectetur adipiscing elit. Sed do: eiusmod tempor incididunt ut*","12345678912345"
airport-72,Lorem ipsum dolor sit ame,ABV,INTERNATIONAL,Lorem ipsum dolor sit ame,Lorem ipsum dolor sit ame,http://lorem.com/ipsum,acme@lorem-ipsum.org,"Lorem ipsum dolor sit amet, consectetur adipiscing elit. Sed do: eiusmod tempor incididunt ut*","123456789123456"
airport-73,Lorem ipsum dolor sit ame,ABW,INTERNATIONAL,Lorem ipsum dolor sit ame,Lorem ipsum dolor sit ame,http://lorem.com/ipsum,acme@lorem-ipsum.org,"Lorem ipsum dolor sit amet, consectetur adipiscing elit. Sed do: eiusmod tempor incididunt ut*","+12345678912345"
airport-74,Lorem ipsum dolor sit ame,ABX,INTERNATIONAL,Lorem ipsum dolor sit ame,Lorem ipsum dolor sit ame,http://lorem.com/ipsum,acme@lorem-ipsum.org,"Lorem ipsum dolor sit amet, consectetur adipiscing elit. Sed do: eiusmod tempor incididunt ut*","+123456789123456"
airport-75,Lorem ipsum dolor sit ame,ABY,INTERNATIONAL,Lorem ipsum dolor sit ame,Lorem ipsum dolor sit ame,http://lorem.com/ipsum,acme@lorem-ipsum.org,"Lorem ipsum dolor sit amet, consectetur adipiscing elit. Sed do: eiusmod tempor incididunt ut*",
# contactPhoneNumber - no singular values