key,employeeCode,spokenLanguages,key:airline,momentBeginningWorking,bio,salary,photo,key:userAccount
#base entity
assistance-agent-00,"FDS939836","Lorem ipsum dolor sit amet, consectetur adipiscing elit. Sed do: eiusmod tempor incididunt ut labore et dolore magna aliqua! Ut*",airlines-00,2012/07/02 0:00,"Lorem ipsum dolor sit amet, consectetur adipiscing elit. Sed do: eiusmod tempor incididunt ut labore et dolore magna aliqua! Ut*A",EUR 500000,http://lorem.com/ipsum,user-account-assistance-agent-01
#employeeCode-standard variation
assistance-agent-01,WD076945,"Lorem ipsum dolor sit amet, consectetur adipiscing elit. Sed do: eiusmod tempor incididunt ut labore et dolore magna aliqua! Ut*",airlines-00,2012/07/02 0:00,"Lorem ipsum dolor sit amet, consectetur adipiscing elit. Sed do: eiusmod tempor incididunt ut labore et dolore magna aliqua! Ut*A",EUR 500000,http://lorem.com/ipsum,user-account-assistance-agent-01
assistance-agent-02,ALL100313,"Lorem ipsum dolor sit amet, consectetur adipiscing elit. Sed do: eiusmod tempor incididunt ut labore et dolore magna aliqua! Ut*",airlines-00,2012/07/02 0:00,"Lorem ipsum dolor sit amet, consectetur adipiscing elit. Sed do: eiusmod tempor incididunt ut labore et dolore magna aliqua! Ut*A",EUR 500000,http://lorem.com/ipsum,user-account-assistance-agent-01
assistance-agent-03,RN232388,"Lorem ipsum dolor sit amet, consectetur adipiscing elit. Sed do: eiusmod tempor incididunt ut labore et dolore magna aliqua! Ut*",airlines-00,2012/07/02 0:00,"Lorem ipsum dolor sit amet, consectetur adipiscing elit. Sed do: eiusmod tempor incididunt ut labore et dolore magna aliqua! Ut*A",EUR 500000,http://lorem.com/ipsum,user-account-assistance-agent-01
assistance-agent-04,LAF470194,"Lorem ipsum dolor sit amet, consectetur adipiscing elit. Sed do: eiusmod tempor incididunt ut labore et dolore magna aliqua! Ut*",airlines-00,2012/07/02 0:00,"Lorem ipsum dolor sit amet, consectetur adipiscing elit. Sed do: eiusmod tempor incididunt ut labore et dolore magna aliqua! Ut*A",EUR 500000,http://lorem.com/ipsum,user-account-assistance-agent-01
#spokenLanguages-standard variation
assistance-agent-05,XZD761123,L,airlines-00,2012/07/02 0:00,"Lorem ipsum dolor sit amet, consectetur adipiscing elit. Sed do: eiusmod tempor incididunt ut labore et dolore magna aliqua! Ut*A",EUR 500000,http://lorem.com/ipsum,user-account-assistance-agent-01
assistance-agent-06,NS225212,Lo,airlines-00,2012/07/02 0:00,"Lorem ipsum dolor sit amet, consectetur adipiscing elit. Sed do: eiusmod tempor incididunt ut labore et dolore magna aliqua! Ut*A",EUR 500000,http://lorem.com/ipsum,user-account-assistance-agent-01
assistance-agent-07,ON097794,"Lorem ipsum dolor sit amet, consectetur adipiscing elit. Sed do: eiusmod tempor incididunt ut labore et dolore magna aliqua! Ut enim ad minim veniam? Quis nostrud exercitation ullamco laboris nisi ut aliquip ex ea commodo consequat. Duis aute irure dolor",airlines-00,2012/07/02 0:00,"Lorem ipsum dolor sit amet, consectetur adipiscing elit. Sed do: eiusmod tempor incididunt ut labore et dolore magna aliqua! Ut*A",EUR 500000,http://lorem.com/ipsum,user-account-assistance-agent-01
assistance-agent-08,PF431804,"Lorem ipsum dolor sit amet, consectetur adipiscing elit. Sed do: eiusmod tempor incididunt ut labore et dolore magna aliqua! Ut enim ad minim veniam? Quis nostrud exercitation ullamco laboris nisi ut aliquip ex ea commodo consequat. Duis aute irure dolor*",airlines-00,2012/07/02 0:00,"Lorem ipsum dolor sit amet, consectetur adipiscing elit. Sed do: eiusmod tempor incididunt ut labore et dolore magna aliqua! Ut*A",EUR 500000,http://lorem.com/ipsum,user-account-assistance-agent-01
assistance-agent-09,SEX019964,โลเร็ม อิปซัม,airlines-00,2012/07/02 0:00,"Lorem ipsum dolor sit amet, consectetur adipiscing elit. Sed do: eiusmod tempor incididunt ut labore et dolore magna aliqua! Ut*A",EUR 500000,http://lorem.com/ipsum,user-account-assistance-agent-01
assistance-agent-10,PR935093,لوريم إيبسوم,airlines-00,2012/07/02 0:00,"Lorem ipsum dolor sit amet, consectetur adipiscing elit. Sed do: eiusmod tempor incididunt ut labore et dolore magna aliqua! Ut*A",EUR 500000,http://lorem.com/ipsum,user-account-assistance-agent-01
assistance-agent-11,LSB582693,洛伦·伊普森,airlines-00,2012/07/02 0:00,"Lorem ipsum dolor sit amet, consectetur adipiscing elit. Sed do: eiusmod tempor incididunt ut labore et dolore magna aliqua! Ut*A",EUR 500000,http://lorem.com/ipsum,user-account-assistance-agent-01
assistance-agent-12,RAS096041,<marquee>Hacked</marquee>,airlines-00,2012/07/02 0:00,"Lorem ipsum dolor sit amet, consectetur adipiscing elit. Sed do: eiusmod tempor incididunt ut labore et dolore magna aliqua! Ut*A",EUR 500000,http://lorem.com/ipsum,user-account-assistance-agent-01
assistance-agent-13,FGW618201,<script>alert(‘Hacked!’);</script>,airlines-00,2012/07/02 0:00,"Lorem ipsum dolor sit amet, consectetur adipiscing elit. Sed do: eiusmod tempor incididunt ut labore et dolore magna aliqua! Ut*A",EUR 500000,http://lorem.com/ipsum,user-account-assistance-agent-01
assistance-agent-14,FW533430,"' or 'A' = 'A ",airlines-00,2012/07/02 0:00,"Lorem ipsum dolor sit amet, consectetur adipiscing elit. Sed do: eiusmod tempor incididunt ut labore et dolore magna aliqua! Ut*A",EUR 500000,http://lorem.com/ipsum,user-account-assistance-agent-01
#momentBeginningWorking-standard variation
assistance-agent-15,KH510163,"Lorem ipsum dolor sit amet, consectetur adipiscing elit. Sed do: eiusmod tempor incididunt ut labore et dolore magna aliqua! Ut*",airlines-00,2000/01/01 0:00,"Lorem ipsum dolor sit amet, consectetur adipiscing elit. Sed do: eiusmod tempor incididunt ut labore et dolore magna aliqua! Ut*A",EUR 500000,http://lorem.com/ipsum,user-account-assistance-agent-01
assistance-agent-16,YKU553659,"Lorem ipsum dolor sit amet, consectetur adipiscing elit. Sed do: eiusmod tempor incididunt ut labore et dolore magna aliqua! Ut*",airlines-00,2000/01/01 0:01,"Lorem ipsum dolor sit amet, consectetur adipiscing elit. Sed do: eiusmod tempor incididunt ut labore et dolore magna aliqua! Ut*A",EUR 500000,http://lorem.com/ipsum,user-account-assistance-agent-01
assistance-agent-17,YO216914,"Lorem ipsum dolor sit amet, consectetur adipiscing elit. Sed do: eiusmod tempor incididunt ut labore et dolore magna aliqua! Ut*",airlines-00,2024/12/31 23:59,"Lorem ipsum dolor sit amet, consectetur adipiscing elit. Sed do: eiusmod tempor incididunt ut labore et dolore magna aliqua! Ut*A",EUR 500000,http://lorem.com/ipsum,user-account-assistance-agent-01
assistance-agent-18,EIT569333,"Lorem ipsum dolor sit amet, consectetur adipiscing elit. Sed do: eiusmod tempor incididunt ut labore et dolore magna aliqua! Ut*",airlines-00,2025/01/01 0:00,"Lorem ipsum dolor sit amet, consectetur adipiscing elit. Sed do: eiusmod tempor incididunt ut labore et dolore magna aliqua! Ut*A",EUR 500000,http://lorem.com/ipsum,user-account-assistance-agent-01
#bio-standard variation
assistance-agent-19,RXF867946,"Lorem ipsum dolor sit amet, consectetur adipiscing elit. Sed do: eiusmod tempor incididunt ut labore et dolore magna aliqua! Ut*",airlines-00,2012/07/02 0:00,null,EUR 500000,http://lorem.com/ipsum,user-account-assistance-agent-01
assistance-agent-20,FGI292322,"Lorem ipsum dolor sit amet, consectetur adipiscing elit. Sed do: eiusmod tempor incididunt ut labore et dolore magna aliqua! Ut*",airlines-00,2012/07/02 0:00," ",EUR 500000,http://lorem.com/ipsum,user-account-assistance-agent-01
assistance-agent-21,DO284193,"Lorem ipsum dolor sit amet, consectetur adipiscing elit. Sed do: eiusmod tempor incididunt ut labore et dolore magna aliqua! Ut*",airlines-00,2012/07/02 0:00,L,EUR 500000,http://lorem.com/ipsum,user-account-assistance-agent-01
assistance-agent-22,DE643096,"Lorem ipsum dolor sit amet, consectetur adipiscing elit. Sed do: eiusmod tempor incididunt ut labore et dolore magna aliqua! Ut*",airlines-00,2012/07/02 0:00,"Lorem ipsum dolor sit amet, consectetur adipiscing elit. Sed do: eiusmod tempor incididunt ut labore et dolore magna aliqua! Ut enim ad minim veniam? Quis nostrud exercitation ullamco laboris nisi ut aliquip ex ea commodo consequat. Duis aute irure dolor",EUR 500000,http://lorem.com/ipsum,user-account-assistance-agent-01
assistance-agent-23,PQ788858,"Lorem ipsum dolor sit amet, consectetur adipiscing elit. Sed do: eiusmod tempor incididunt ut labore et dolore magna aliqua! Ut*",airlines-00,2012/07/02 0:00,"Lorem ipsum dolor sit amet, consectetur adipiscing elit. Sed do: eiusmod tempor incididunt ut labore et dolore magna aliqua! Ut enim ad minim veniam? Quis nostrud exercitation ullamco laboris nisi ut aliquip ex ea commodo consequat. Duis aute irure dolor*",EUR 500000,http://lorem.com/ipsum,user-account-assistance-agent-01
assistance-agent-24,EXT016711,"Lorem ipsum dolor sit amet, consectetur adipiscing elit. Sed do: eiusmod tempor incididunt ut labore et dolore magna aliqua! Ut*",airlines-00,2012/07/02 0:00,โลเร็ม อิปซัม,EUR 500000,http://lorem.com/ipsum,user-account-assistance-agent-01
assistance-agent-25,AP566143,"Lorem ipsum dolor sit amet, consectetur adipiscing elit. Sed do: eiusmod tempor incididunt ut labore et dolore magna aliqua! Ut*",airlines-00,2012/07/02 0:00,لوريم إيبسوم,EUR 500000,http://lorem.com/ipsum,user-account-assistance-agent-01
assistance-agent-26,JTR095192,"Lorem ipsum dolor sit amet, consectetur adipiscing elit. Sed do: eiusmod tempor incididunt ut labore et dolore magna aliqua! Ut*",airlines-00,2012/07/02 0:00,洛伦·伊普森,EUR 500000,http://lorem.com/ipsum,user-account-assistance-agent-01
assistance-agent-27,ZJ638899,"Lorem ipsum dolor sit amet, consectetur adipiscing elit. Sed do: eiusmod tempor incididunt ut labore et dolore magna aliqua! Ut*",airlines-00,2012/07/02 0:00,<marquee>Hacked</marquee>,EUR 500000,http://lorem.com/ipsum,user-account-assistance-agent-01
assistance-agent-28,EFX164726,"Lorem ipsum dolor sit amet, consectetur adipiscing elit. Sed do: eiusmod tempor incididunt ut labore et dolore magna aliqua! Ut*",airlines-00,2012/07/02 0:00,<script>alert(‘Hacked!’);</script>,EUR 500000,http://lorem.com/ipsum,user-account-assistance-agent-01
assistance-agent-29,RX867946,"Lorem ipsum dolor sit amet, consectetur adipiscing elit. Sed do: eiusmod tempor incididunt ut labore et dolore magna aliqua! Ut*",airlines-00,2012/07/02 0:00,"' or 'A' = 'A ",EUR 500000,http://lorem.com/ipsum,user-account-assistance-agent-01
#salary-standard variation
assistance-agent-30,FG292322,"Lorem ipsum dolor sit amet, consectetur adipiscing elit. Sed do: eiusmod tempor incididunt ut labore et dolore magna aliqua! Ut*",airlines-00,2012/07/02 0:00,"Lorem ipsum dolor sit amet, consectetur adipiscing elit. Sed do: eiusmod tempor incididunt ut labore et dolore magna aliqua! Ut*A",EUR 0.00,http://lorem.com/ipsum,user-account-assistance-agent-01
assistance-agent-31,DOO284193,"Lorem ipsum dolor sit amet, consectetur adipiscing elit. Sed do: eiusmod tempor incididunt ut labore et dolore magna aliqua! Ut*",airlines-00,2012/07/02 0:00,"Lorem ipsum dolor sit amet, consectetur adipiscing elit. Sed do: eiusmod tempor incididunt ut labore et dolore magna aliqua! Ut*A",EUR 0.01,http://lorem.com/ipsum,user-account-assistance-agent-01
assistance-agent-32,DEE643096,"Lorem ipsum dolor sit amet, consectetur adipiscing elit. Sed do: eiusmod tempor incididunt ut labore et dolore magna aliqua! Ut*",airlines-00,2012/07/02 0:00,"Lorem ipsum dolor sit amet, consectetur adipiscing elit. Sed do: eiusmod tempor incididunt ut labore et dolore magna aliqua! Ut*A",EUR 999999.99,http://lorem.com/ipsum,user-account-assistance-agent-01
assistance-agent-33,PQQ788858,"Lorem ipsum dolor sit amet, consectetur adipiscing elit. Sed do: eiusmod tempor incididunt ut labore et dolore magna aliqua! Ut*",airlines-00,2012/07/02 0:00,"Lorem ipsum dolor sit amet, consectetur adipiscing elit. Sed do: eiusmod tempor incididunt ut labore et dolore magna aliqua! Ut*A",EUR 1000000.00,http://lorem.com/ipsum,user-account-assistance-agent-01
#photo-standard variation
assistance-agent-34,EX016711,"Lorem ipsum dolor sit amet, consectetur adipiscing elit. Sed do: eiusmod tempor incididunt ut labore et dolore magna aliqua! Ut*",airlines-00,2012/07/02 0:00,"Lorem ipsum dolor sit amet, consectetur adipiscing elit. Sed do: eiusmod tempor incididunt ut labore et dolore magna aliqua! Ut*A",EUR 500000,ftp://a,user-account-assistance-agent-01
assistance-agent-35,APP566143,"Lorem ipsum dolor sit amet, consectetur adipiscing elit. Sed do: eiusmod tempor incididunt ut labore et dolore magna aliqua! Ut*",airlines-00,2012/07/02 0:00,"Lorem ipsum dolor sit amet, consectetur adipiscing elit. Sed do: eiusmod tempor incididunt ut labore et dolore magna aliqua! Ut*A",EUR 500000,ftp://a.b,user-account-assistance-agent-01
assistance-agent-36,JT095192,"Lorem ipsum dolor sit amet, consectetur adipiscing elit. Sed do: eiusmod tempor incididunt ut labore et dolore magna aliqua! Ut*",airlines-00,2012/07/02 0:00,"Lorem ipsum dolor sit amet, consectetur adipiscing elit. Sed do: eiusmod tempor incididunt ut labore et dolore magna aliqua! Ut*A",EUR 500000,"http://www.lorem-ipsum.org/dolor/sit/amet,/consectetur/adipiscing/elit,/sed/do/eiusmod/tempor/incididunt/ut/labore/et/dolore/magna/aliqua/Ut/enim/ad/minim/veniam/quis/nostrud/exercitation/ullamco/laboris/nisi/ut/aliquip/ex/ea/commodo/consequat/duis/aute/",user-account-assistance-agent-01
assistance-agent-37,ZJJ638899,"Lorem ipsum dolor sit amet, consectetur adipiscing elit. Sed do: eiusmod tempor incididunt ut labore et dolore magna aliqua! Ut*",airlines-00,2012/07/02 0:00,"Lorem ipsum dolor sit amet, consectetur adipiscing elit. Sed do: eiusmod tempor incididunt ut labore et dolore magna aliqua! Ut*A",EUR 500000,"http://www.lorem-ipsum.org/dolor/sit/amet,/consectetur/adipiscing/elit,/sed/do/eiusmod/tempor/incididunt/ut/labore/et/dolore/magna/aliqua/Ut/enim/ad/minim/veniam/quis/nostrud/exercitation/ullamco/laboris/nisi/ut/aliquip/ex/ea/commodo/consequat/duis/aute/X",user-account-assistance-agent-01
assistance-agent-38,EF164726,"Lorem ipsum dolor sit amet, consectetur adipiscing elit. Sed do: eiusmod tempor incididunt ut labore et dolore magna aliqua! Ut*",airlines-00,2012/07/02 0:00,"Lorem ipsum dolor sit amet, consectetur adipiscing elit. Sed do: eiusmod tempor incididunt ut labore et dolore magna aliqua! Ut*A",EUR 500000,https://www.lorem-ipsum.org,user-account-assistance-agent-01
assistance-agent-39,IAB634342,"Lorem ipsum dolor sit amet, consectetur adipiscing elit. Sed do: eiusmod tempor incididunt ut labore et dolore magna aliqua! Ut*",airlines-00,2012/07/02 0:00,"Lorem ipsum dolor sit amet, consectetur adipiscing elit. Sed do: eiusmod tempor incididunt ut labore et dolore magna aliqua! Ut*A",EUR 500000,ftp://www.lorem-ipsum.org,user-account-assistance-agent-01
assistance-agent-40,RV175292,"Lorem ipsum dolor sit amet, consectetur adipiscing elit. Sed do: eiusmod tempor incididunt ut labore et dolore magna aliqua! Ut*",airlines-00,2012/07/02 0:00,"Lorem ipsum dolor sit amet, consectetur adipiscing elit. Sed do: eiusmod tempor incididunt ut labore et dolore magna aliqua! Ut*A",EUR 500000,http://www.lorem-ipsum.org/dolor/sit.html,user-account-assistance-agent-01
assistance-agent-41,QL093542,"Lorem ipsum dolor sit amet, consectetur adipiscing elit. Sed do: eiusmod tempor incididunt ut labore et dolore magna aliqua! Ut*",airlines-00,2012/07/02 0:00,"Lorem ipsum dolor sit amet, consectetur adipiscing elit. Sed do: eiusmod tempor incididunt ut labore et dolore magna aliqua! Ut*A",EUR 500000,http://www.lorem-ipsum.org/dolor/sit.html#dolor,user-account-assistance-agent-01
assistance-agent-42,VZM870489,"Lorem ipsum dolor sit amet, consectetur adipiscing elit. Sed do: eiusmod tempor incididunt ut labore et dolore magna aliqua! Ut*",airlines-00,2012/07/02 0:00,"Lorem ipsum dolor sit amet, consectetur adipiscing elit. Sed do: eiusmod tempor incididunt ut labore et dolore magna aliqua! Ut*A",EUR 500000,http://example.org?a=1&b=2,user-account-assistance-agent-01
assistance-agent-43,BXW786602,"Lorem ipsum dolor sit amet, consectetur adipiscing elit. Sed do: eiusmod tempor incididunt ut labore et dolore magna aliqua! Ut*",airlines-00,2012/07/02 0:00,"Lorem ipsum dolor sit amet, consectetur adipiscing elit. Sed do: eiusmod tempor incididunt ut labore et dolore magna aliqua! Ut*A",EUR 500000,http://example.org?,user-account-assistance-agent-01
assistance-agent-44,WGR441021,"Lorem ipsum dolor sit amet, consectetur adipiscing elit. Sed do: eiusmod tempor incididunt ut labore et dolore magna aliqua! Ut*",airlines-00,2012/07/02 0:00,"Lorem ipsum dolor sit amet, consectetur adipiscing elit. Sed do: eiusmod tempor incididunt ut labore et dolore magna aliqua! Ut*A",EUR 500000,http://example.org?a,user-account-assistance-agent-01
assistance-agent-45,MY269000,"Lorem ipsum dolor sit amet, consectetur adipiscing elit. Sed do: eiusmod tempor incididunt ut labore et dolore magna aliqua! Ut*",airlines-00,2012/07/02 0:00,"Lorem ipsum dolor sit amet, consectetur adipiscing elit. Sed do: eiusmod tempor incididunt ut labore et dolore magna aliqua! Ut*A",EUR 500000,http://example.org?a&b,user-account-assistance-agent-01
assistance-agent-46,UYR937527,"Lorem ipsum dolor sit amet, consectetur adipiscing elit. Sed do: eiusmod tempor incididunt ut labore et dolore magna aliqua! Ut*",airlines-00,2012/07/02 0:00,"Lorem ipsum dolor sit amet, consectetur adipiscing elit. Sed do: eiusmod tempor incididunt ut labore et dolore magna aliqua! Ut*A",EUR 500000,http://example.org/,user-account-assistance-agent-01
assistance-agent-47,MJ658704,"Lorem ipsum dolor sit amet, consectetur adipiscing elit. Sed do: eiusmod tempor incididunt ut labore et dolore magna aliqua! Ut*",airlines-00,2012/07/02 0:00,"Lorem ipsum dolor sit amet, consectetur adipiscing elit. Sed do: eiusmod tempor incididunt ut labore et dolore magna aliqua! Ut*A",EUR 500000,http://example.org/a,user-account-assistance-agent-01
assistance-agent-48,CBV075188,"Lorem ipsum dolor sit amet, consectetur adipiscing elit. Sed do: eiusmod tempor incididunt ut labore et dolore magna aliqua! Ut*",airlines-00,2012/07/02 0:00,"Lorem ipsum dolor sit amet, consectetur adipiscing elit. Sed do: eiusmod tempor incididunt ut labore et dolore magna aliqua! Ut*A",EUR 500000,http://example.org/a/b,user-account-assistance-agent-01
assistance-agent-49,CA175917,"Lorem ipsum dolor sit amet, consectetur adipiscing elit. Sed do: eiusmod tempor incididunt ut labore et dolore magna aliqua! Ut*",airlines-00,2012/07/02 0:00,"Lorem ipsum dolor sit amet, consectetur adipiscing elit. Sed do: eiusmod tempor incididunt ut labore et dolore magna aliqua! Ut*A",EUR 500000,http://example.org/a/b?,user-account-assistance-agent-01
assistance-agent-50,YUZ414911,"Lorem ipsum dolor sit amet, consectetur adipiscing elit. Sed do: eiusmod tempor incididunt ut labore et dolore magna aliqua! Ut*",airlines-00,2012/07/02 0:00,"Lorem ipsum dolor sit amet, consectetur adipiscing elit. Sed do: eiusmod tempor incididunt ut labore et dolore magna aliqua! Ut*A",EUR 500000,http://example.org/a/b?a&b,user-account-assistance-agent-01
#user-account-standardt variation
assistance-agent-51,ECK368111,"Lorem ipsum dolor sit amet, consectetur adipiscing elit. Sed do: eiusmod tempor incididunt ut labore et dolore magna aliqua! Ut*",airlines-00,2012/07/02 0:00,"Lorem ipsum dolor sit amet, consectetur adipiscing elit. Sed do: eiusmod tempor incididunt ut labore et dolore magna aliqua! Ut*A",EUR 500000,http://lorem.com/ipsum,user-account-assistance-agent-02
assistance-agent-52,PUK904375,"Lorem ipsum dolor sit amet, consectetur adipiscing elit. Sed do: eiusmod tempor incididunt ut labore et dolore magna aliqua! Ut*",airlines-00,2012/07/02 0:00,"Lorem ipsum dolor sit amet, consectetur adipiscing elit. Sed do: eiusmod tempor incididunt ut labore et dolore magna aliqua! Ut*A",EUR 500000,http://lorem.com/ipsum,user-account-assistance-agent-03
#airline-standard variation
assistance-agent-53,JV152215,"Lorem ipsum dolor sit amet, consectetur adipiscing elit. Sed do: eiusmod tempor incididunt ut labore et dolore magna aliqua! Ut*",airlines-01,2012/07/02 0:00,"Lorem ipsum dolor sit amet, consectetur adipiscing elit. Sed do: eiusmod tempor incididunt ut labore et dolore magna aliqua! Ut*A",EUR 500000,http://lorem.com/ipsum,user-account-assistance-agent-01
assistance-agent-54,IWE094194,"Lorem ipsum dolor sit amet, consectetur adipiscing elit. Sed do: eiusmod tempor incididunt ut labore et dolore magna aliqua! Ut*",airlines-02,2012/07/02 0:00,"Lorem ipsum dolor sit amet, consectetur adipiscing elit. Sed do: eiusmod tempor incididunt ut labore et dolore magna aliqua! Ut*A",EUR 500000,http://lorem.com/ipsum,user-account-assistance-agent-01