key,name,email,passport,birth,needs
#base
passenger-00,"Lorem ipsum dolor sit amet, consectetur adipiscing elit. Sed do: eiusmod tempor incididunt ut labore et dolore magna aliqua! Ut*",acme@lorem-ipsum.org,R0C91HZ,2000/01/01 00:00,Lorem ipsum dolor sit ame
#name
passenger-01,L,acme@lorem-ipsum.org,R0C91HZ,2000/01/01 00:00,Lorem ipsum dolor sit ame
passenger-02,Lo,acme@lorem-ipsum.org,R0C91HZ,2000/01/01 00:00,Lorem ipsum dolor sit ame
passenger-03,"Lorem ipsum dolor sit amet, consectetur adipiscing elit. Sed do: eiusmod tempor incididunt ut labore et dolore magna aliqua! Ut enim ad minim veniam? Quis nostrud exercitation ullamco laboris nisi ut aliquip ex ea commodo consequat. Duis aute irure dolor",acme@lorem-ipsum.org,R0C91HZ,2000/01/01 00:00,Lorem ipsum dolor sit ame
passenger-04,"Lorem ipsum dolor sit amet, consectetur adipiscing elit. Sed do: eiusmod tempor incididunt ut labore et dolore magna aliqua! Ut enim ad minim veniam? Quis nostrud exercitation ullamco laboris nisi ut aliquip ex ea commodo consequat. Duis aute irure dolor*",acme@lorem-ipsum.org,R0C91HZ,2000/01/01 00:00,Lorem ipsum dolor sit ame
passenger-05,โลเร็ม อิปซัม,acme@lorem-ipsum.org,R0C91HZ,2000/01/01 00:00,Lorem ipsum dolor sit ame
passenger-06,لوريم إيبسوم,acme@lorem-ipsum.org,R0C91HZ,2000/01/01 00:00,Lorem ipsum dolor sit ame
passenger-07,洛伦·伊普森,acme@lorem-ipsum.org,R0C91HZ,2000/01/01 00:00,Lorem ipsum dolor sit ame
passenger-08,<script>alert(‘Hacked!’);</script>,acme@lorem-ipsum.org,R0C91HZ,2000/01/01 00:00,Lorem ipsum dolor sit ame
passenger-09,' or 'A' = 'A ,acme@lorem-ipsum.org,R0C91HZ,2000/01/01 00:00,Lorem ipsum dolor sit ame
#email
passenger-10,"Lorem ipsum dolor sit amet, consectetur adipiscing elit. Sed do: eiusmod tempor incididunt ut labore et dolore magna aliqua! Ut*",acme@lorem-ipsum.org,R0C91HZ,2000/01/01 00:00,Lorem ipsum dolor sit ame
passenger-11,"Lorem ipsum dolor sit amet, consectetur adipiscing elit. Sed do: eiusmod tempor incididunt ut labore et dolore magna aliqua! Ut*",acme@lorem-ipsum.org,R0C91HZ,2000/01/01 00:00,Lorem ipsum dolor sit ame
passenger-12,"Lorem ipsum dolor sit amet, consectetur adipiscing elit. Sed do: eiusmod tempor incididunt ut labore et dolore magna aliqua! Ut*",acme@lorem-ipsum.org,R0C91HZ,2000/01/01 00:00,Lorem ipsum dolor sit ame
passenger-13,"Lorem ipsum dolor sit amet, consectetur adipiscing elit. Sed do: eiusmod tempor incididunt ut labore et dolore magna aliqua! Ut*",acme@lorem-ipsum.org,R0C91HZ,2000/01/01 00:00,Lorem ipsum dolor sit ame
passenger-14,"Lorem ipsum dolor sit amet, consectetur adipiscing elit. Sed do: eiusmod tempor incididunt ut labore et dolore magna aliqua! Ut*",a@b.e,R0C91HZ,2000/01/01 00:00,Lorem ipsum dolor sit ame
passenger-15,"Lorem ipsum dolor sit amet, consectetur adipiscing elit. Sed do: eiusmod tempor incididunt ut labore et dolore magna aliqua! Ut*",a@b.e,R0C91HZ,2000/01/01 00:00,Lorem ipsum dolor sit ame
passenger-16,"Lorem ipsum dolor sit amet, consectetur adipiscing elit. Sed do: eiusmod tempor incididunt ut labore et dolore magna aliqua! Ut*",a@b.es,R0C91HZ,2000/01/01 00:00,Lorem ipsum dolor sit ame
passenger-17,"Lorem ipsum dolor sit amet, consectetur adipiscing elit. Sed do: eiusmod tempor incididunt ut labore et dolore magna aliqua! Ut*",a@b.esx,R0C91HZ,2000/01/01 00:00,Lorem ipsum dolor sit ame
passenger-18,"Lorem ipsum dolor sit amet, consectetur adipiscing elit. Sed do: eiusmod tempor incididunt ut labore et dolore magna aliqua! Ut*",lorem-ipsum@dolor.sit.amet.consectetur.adipiscing.elit.sed.do.eiusmod.tempor.incididunt.ut.labore.et.dolore.magna.aliqua.Ut.enim.ad.minim.veniam.quis.nostrud.exercitation.ullamco.laboris.nisi.ut.aliquip.ex.ea.commodo.consequat.duis.aute.irure.doloris.edu,R0C91HZ,2000/01/01 00:00,Lorem ipsum dolor sit ame
passenger-19,"Lorem ipsum dolor sit amet, consectetur adipiscing elit. Sed do: eiusmod tempor incididunt ut labore et dolore magna aliqua! Ut*",lorem-ipsum@dolor.sit.amet.consectetur.adipiscing.elit.sed.do.eiusmod.tempor.incididunt.ut.labore.et.dolore.magna.aliqua.Ut.enim.ad.minim.veniam.quis.nostrud.exercitation.ullamco.laboris.nisi.ut.aliquip.ex.ea.commodo.consequat.duis.aute.irure.dolor.es.org,R0C91HZ,2000/01/01 00:00,Lorem ipsum dolor sit ame
#passport
passenger-20,"Lorem ipsum dolor sit amet, consectetur adipiscing elit. Sed do: eiusmod tempor incididunt ut labore et dolore magna aliqua! Ut*",acme@lorem-ipsum.org,ICLS3W,2000/01/01 00:00,Lorem ipsum dolor sit ame
passenger-21,"Lorem ipsum dolor sit amet, consectetur adipiscing elit. Sed do: eiusmod tempor incididunt ut labore et dolore magna aliqua! Ut*",acme@lorem-ipsum.org,N9VJ6FV8F,2000/01/01 00:00,Lorem ipsum dolor sit ame
#birth
passenger-22,"Lorem ipsum dolor sit amet, consectetur adipiscing elit. Sed do: eiusmod tempor incididunt ut labore et dolore magna aliqua! Ut*",acme@lorem-ipsum.org,R0C91HZ,2000/01/01 00:01,Lorem ipsum dolor sit ame
passenger-23,"Lorem ipsum dolor sit amet, consectetur adipiscing elit. Sed do: eiusmod tempor incididunt ut labore et dolore magna aliqua! Ut*",acme@lorem-ipsum.org,R0C91HZ,2024/12/31 23:59,Lorem ipsum dolor sit ame
passenger-24,"Lorem ipsum dolor sit amet, consectetur adipiscing elit. Sed do: eiusmod tempor incididunt ut labore et dolore magna aliqua! Ut*",acme@lorem-ipsum.org,R0C91HZ,2025/01/01 0:00,Lorem ipsum dolor sit ame
#needs
passenger-25,"Lorem ipsum dolor sit amet, consectetur adipiscing elit. Sed do: eiusmod tempor incididunt ut labore et dolore magna aliqua! Ut*",acme@lorem-ipsum.org,R0C91HZ,2000/01/01 00:00,L
passenger-26,"Lorem ipsum dolor sit amet, consectetur adipiscing elit. Sed do: eiusmod tempor incididunt ut labore et dolore magna aliqua! Ut*",acme@lorem-ipsum.org,R0C91HZ,2000/01/01 00:00,Lo
passenger-27,"Lorem ipsum dolor sit amet, consectetur adipiscing elit. Sed do: eiusmod tempor incididunt ut labore et dolore magna aliqua! Ut*",acme@lorem-ipsum.org,R0C91HZ,2000/01/01 00:00,"Lorem ipsum dolor sit amet, consectetur adipiscin"
passenger-28,"Lorem ipsum dolor sit amet, consectetur adipiscing elit. Sed do: eiusmod tempor incididunt ut labore et dolore magna aliqua! Ut*",acme@lorem-ipsum.org,R0C91HZ,2000/01/01 00:00,"Lorem ipsum dolor sit amet, consectetur adipiscing"
passenger-29,"Lorem ipsum dolor sit amet, consectetur adipiscing elit. Sed do: eiusmod tempor incididunt ut labore et dolore magna aliqua! Ut*",acme@lorem-ipsum.org,R0C91HZ,2000/01/01 00:00,โลเร็ม อิปซัม
passenger-30,"Lorem ipsum dolor sit amet, consectetur adipiscing elit. Sed do: eiusmod tempor incididunt ut labore et dolore magna aliqua! Ut*",acme@lorem-ipsum.org,R0C91HZ,2000/01/01 00:00,لوريم إيبسوم
passenger-31,"Lorem ipsum dolor sit amet, consectetur adipiscing elit. Sed do: eiusmod tempor incididunt ut labore et dolore magna aliqua! Ut*",acme@lorem-ipsum.org,R0C91HZ,2000/01/01 00:00,洛伦·伊普森
passenger-32,"Lorem ipsum dolor sit amet, consectetur adipiscing elit. Sed do: eiusmod tempor incididunt ut labore et dolore magna aliqua! Ut*",acme@lorem-ipsum.org,R0C91HZ,2000/01/01 00:00,<marquee>Hacked</marquee>
passenger-33,"Lorem ipsum dolor sit amet, consectetur adipiscing elit. Sed do: eiusmod tempor incididunt ut labore et dolore magna aliqua! Ut*",acme@lorem-ipsum.org,R0C91HZ,2000/01/01 00:00,<script>alert(‘Hacked!’);</script>
passenger-34,"Lorem ipsum dolor sit amet, consectetur adipiscing elit. Sed do: eiusmod tempor incididunt ut labore et dolore magna aliqua! Ut*",acme@lorem-ipsum.org,R0C91HZ,2000/01/01 00:00,' or 'A' = 'A 
passenger-35,"Lorem ipsum dolor sit amet, consectetur adipiscing elit. Sed do: eiusmod tempor incididunt ut labore et dolore magna aliqua! Ut*",acme@lorem-ipsum.org,R0C91HZ,2000/01/01 00:00,
#booking
passenger-36,"Lorem ipsum dolor sit amet, consectetur adipiscing elit. Sed do: eiusmod tempor incididunt ut labore et dolore magna aliqua! Ut*",acme@lorem-ipsum.org,R0C91HZ,2000/01/01 00:00,Lorem ipsum dolor sit ame
passenger-37,"Lorem ipsum dolor sit amet, consectetur adipiscing elit. Sed do: eiusmod tempor incididunt ut labore et dolore magna aliqua! Ut*",acme@lorem-ipsum.org,R0C91HZ,2000/01/01 00:00,Lorem ipsum dolor sit ame
passenger-38,"Lorem ipsum dolor sit amet, consectetur adipiscing elit. Sed do: eiusmod tempor incididunt ut labore et dolore magna aliqua! Ut*",acme@lorem-ipsum.org,R0C91HZ,2000/01/01 00:00,Lorem ipsum dolor sit ame