key,key:user-account,licenseNumber,phoneNumber,specialisation,healthTestPassed,experienceYears,certifications
#base
technician-00,user-account-technician-00,ABC123456,+123456789012345,Lorem ipsum dolor sit ame,True,6,Lorem ipsum dolor sit ame
technician-01,user-account-technician-01,ABC123457,+123456789012345,Lorem ipsum dolor sit ame,True,6,Lorem ipsum dolor sit ame
technician-02,user-account-technician-02,ABD123458,+123456789012345,Lorem ipsum dolor sit ame,True,6,Lorem ipsum dolor sit ame
# license number
technician-04,user-account-technician-00,AB123456,+123456789012345,"Lorem ipsum dolor sit ame",TRUE,60,"Lorem ipsum dolor sit amet, consectetur adipiscing elit. Sed do eiusmod tempor incididunt ut labore et dolore magna aliqua. Ut e"
technician-05,user-account-technician-00,XYZ987654,+123456789012345,"Lorem ipsum dolor sit ame",TRUE,60,"Lorem ipsum dolor sit amet, consectetur adipiscing elit. Sed do eiusmod tempor incididunt ut labore et dolore magna aliqua. Ut e"
technician-06,user-account-technician-00,CD456789,+123456789012345,"Lorem ipsum dolor sit ame",TRUE,60,"Lorem ipsum dolor sit amet, consectetur adipiscing elit. Sed do eiusmod tempor incididunt ut labore et dolore magna aliqua. Ut e"
technician-07,user-account-technician-00,EFG001122,+123456789012345,"Lorem ipsum dolor sit ame",TRUE,60,"Lorem ipsum dolor sit amet, consectetur adipiscing elit. Sed do eiusmod tempor incididunt ut labore et dolore magna aliqua. Ut e"
# phone number
technician-08,user-account-technician-00,ABC123459,123456,Lorem ipsum dolor sit ame,True,6,Lorem ipsum dolor sit ame
technician-09,user-account-technician-00,ABC123460,+123456789,Lorem ipsum dolor sit ame,True,6,Lorem ipsum dolor sit ame
technician-10,user-account-technician-00,ABC123461,987654321012345,Lorem ipsum dolor sit ame,True,6,Lorem ipsum dolor sit ame
technician-11,user-account-technician-00,ABC123462,+9876543210123,Lorem ipsum dolor sit ame,True,6,Lorem ipsum dolor sit ame
# specialisation
technician-12,user-account-technician-00,ABC123400,+123456789012345,"L",TRUE,60,"Lorem ipsum dolor sit amet, consectetur adipiscing elit. Sed do eiusmod tempor incididunt ut labore et dolore magna aliqua. Ut e"
technician-13,user-account-technician-00,ABC123463,+123456789012345,"Lo",TRUE,60,"Lorem ipsum dolor sit amet, consectetur adipiscing elit. Sed do eiusmod tempor incididunt ut labore et dolore magna aliqua. Ut e"
technician-14,user-account-technician-00,ABC123464,+123456789012345,"Lorem ipsum dolor sit amet, consectetur adipiscin",TRUE,60,"Lorem ipsum dolor sit amet, consectetur adipiscing elit. Sed do eiusmod tempor incididunt ut labore et dolore magna aliqua. Ut e"
technician-15,user-account-technician-00,ABC123465,+123456789012345,"Lorem ipsum dolor sit amet, consectetur adipiscing",TRUE,60,"Lorem ipsum dolor sit amet, consectetur adipiscing elit. Sed do eiusmod tempor incididunt ut labore et dolore magna aliqua. Ut e"
technician-16,user-account-technician-00,ABC123466,+123456789012345,"โลเร็ม อิปซัม",TRUE,60,"Lorem ipsum dolor sit amet, consectetur adipiscing elit. Sed do eiusmod tempor incididunt ut labore et dolore magna aliqua. Ut e"
technician-17,user-account-technician-00,ABC123467,+123456789012345,"لوريم إيبسوم",TRUE,60,"Lorem ipsum dolor sit amet, consectetur adipiscing elit. Sed do eiusmod tempor incididunt ut labore et dolore magna aliqua. Ut e"
technician-18,user-account-technician-00,ABC123468,+123456789012345,"洛伦·伊普森",TRUE,60,"Lorem ipsum dolor sit amet, consectetur adipiscing elit. Sed do eiusmod tempor incididunt ut labore et dolore magna aliqua. Ut e"
technician-19,user-account-technician-00,ABC123469,+123456789012345,"<marquee>Hacked</marquee>",TRUE,60,"Lorem ipsum dolor sit amet, consectetur adipiscing elit. Sed do eiusmod tempor incididunt ut labore et dolore magna aliqua. Ut e"
technician-20,user-account-technician-00,ABC123470,+123456789012345,"<script>alert('Hacked!');</script>",TRUE,60,"Lorem ipsum dolor sit amet, consectetur adipiscing elit. Sed do eiusmod tempor incididunt ut labore et dolore magna aliqua. Ut e"
technician-21,user-account-technician-00,ABC123471,+123456789012345,"'' or 'A' = 'A",TRUE,60,"Lorem ipsum dolor sit amet, consectetur adipiscing elit. Sed do eiusmod tempor incididunt ut labore et dolore magna aliqua. Ut e"
# health test passed
technician-22,user-account-technician-00,ABC123472,+123456789012345,"Lorem ipsum dolor sit ame",TRUE,60,"Lorem ipsum dolor sit amet, consectetur adipiscing elit. Sed do eiusmod tempor incididunt ut labore et dolore magna aliqua. Ut e"
technician-23,user-account-technician-00,ABC123473,+123456789012345,"Lorem ipsum dolor sit ame",FALSE,60,"Lorem ipsum dolor sit amet, consectetur adipiscing elit. Sed do eiusmod tempor incididunt ut labore et dolore magna aliqua. Ut e"
technician-24,user-account-technician-00,ABC123474,+123456789012345,"Lorem ipsum dolor sit ame",TRUE,0,"Lorem ipsum dolor sit amet, consectetur adipiscing elit. Sed do eiusmod tempor incididunt ut labore et dolore magna aliqua. Ut e"
technician-25,user-account-technician-00,ABC123475,+123456789012345,"Lorem ipsum dolor sit ame",TRUE,1,"Lorem ipsum dolor sit amet, consectetur adipiscing elit. Sed do eiusmod tempor incididunt ut labore et dolore magna aliqua. Ut e"
technician-26,user-account-technician-00,ABC123476,+123456789012345,"Lorem ipsum dolor sit ame",TRUE,119,"Lorem ipsum dolor sit amet, consectetur adipiscing elit. Sed do eiusmod tempor incididunt ut labore et dolore magna aliqua. Ut e"
technician-27,user-account-technician-00,ABC123477,+123456789012345,"Lorem ipsum dolor sit ame",TRUE,120,"Lorem ipsum dolor sit amet, consectetur adipiscing elit. Sed do eiusmod tempor incididunt ut labore et dolore magna aliqua. Ut e"
technician-28,user-account-technician-00,ABC123478,+123456789012345,"Lorem ipsum dolor sit ame",TRUE,60,"L"
technician-29,user-account-technician-00,ABC123479,+123456789012345,"Lorem ipsum dolor sit ame",TRUE,60,"Lo"
technician-30,user-account-technician-00,ABC123480,+123456789012345,"Lorem ipsum dolor sit ame",TRUE,60,"Lorem ipsum dolor sit amet, consectetur adipiscing elit. Sed do eiusmod tempor incididunt ut labore et dolore magna aliqua. Ut enim ad minim veniam, quis nostrud exercitation ullamco laboris nisi ut aliquip ex ea commodo consequat. Duis aute irure dolor*"
technician-31,user-account-technician-00,ABC123481,+123456789012345,"Lorem ipsum dolor sit ame",TRUE,60,"Lorem ipsum dolor sit amet, consectetur adipiscing elit. Sed do eiusmod tempor incididunt ut labore et dolore magna aliqua. Ut enim ad minim veniam, quis nostrud exercitation ullamco laboris nisi ut aliquip ex ea commodo consequat. Duis aute irure dolor i"
technician-32,user-account-technician-00,ABC123482,+123456789012345,"Lorem ipsum dolor sit ame",TRUE,60,"โลเร็ม อิปซัม"
technician-33,user-account-technician-00,ABC123483,+123456789012345,"Lorem ipsum dolor sit ame",TRUE,60,"لوريم إيبسوم"
technician-34,user-account-technician-00,ABC123484,+123456789012345,"Lorem ipsum dolor sit ame",TRUE,60,"洛伦·伊普森"
technician-35,user-account-technician-00,ABC123485,+123456789012345,"Lorem ipsum dolor sit ame",TRUE,60,"<marquee>Hacked</marquee>"
technician-36,user-account-technician-00,ABC123486,+123456789012345,"Lorem ipsum dolor sit ame",TRUE,60,"<script>alert('Hacked!');</script>"
technician-37,user-account-technician-00,ABC123487,+123456789012345,"Lorem ipsum dolor sit ame",TRUE,60,"'' or 'A' = 'A"
